[
  { "name": "United States", "code": "+1", "iso": "US", "enabled": "Y" },
  { "name": "United Kingdom", "code": "+44", "iso": "GB", "enabled": "Y" },
  { "name": "India", "code": "+91", "iso": "IN", "enabled": "Y" },
  { "name": "Canada", "code": "+1", "iso": "CA", "enabled": "N" },
  { "name": "Australia", "code": "+61", "iso": "AU", "enabled": "N" },
  { "name": "Germany", "code": "+49", "iso": "DE", "enabled": "N" },
  { "name": "France", "code": "+33", "iso": "FR", "enabled": "N" },
  { "name": "Italy", "code": "+39", "iso": "IT", "enabled": "N" },
  { "name": "Spain", "code": "+34", "iso": "ES", "enabled": "N" },
  { "name": "Netherlands", "code": "+31", "iso": "NL", "enabled": "N" },
  { "name": "Belgium", "code": "+32", "iso": "BE", "enabled": "N" },
  { "name": "Switzerland", "code": "+41", "iso": "CH", "enabled": "N" },
  { "name": "Austria", "code": "+43", "iso": "AT", "enabled": "N" },
  { "name": "Sweden", "code": "+46", "iso": "SE", "enabled": "N" },
  { "name": "Norway", "code": "+47", "iso": "NO", "enabled": "N" },
  { "name": "Denmark", "code": "+45", "iso": "DK", "enabled": "N" },
  { "name": "Finland", "code": "+358", "iso": "FI", "enabled": "N" },
  { "name": "Ireland", "code": "+353", "iso": "IE", "enabled": "Y" },
  { "name": "Portugal", "code": "+351", "iso": "PT", "enabled": "N" },
  { "name": "Greece", "code": "+30", "iso": "GR", "enabled": "N" },
  { "name": "Poland", "code": "+48", "iso": "PL", "enabled": "N" },
  { "name": "Czech Republic", "code": "+420", "iso": "CZ", "enabled": "N" },
  { "name": "Hungary", "code": "+36", "iso": "HU", "enabled": "N" },
  { "name": "Slovakia", "code": "+421", "iso": "SK", "enabled": "N" },
  { "name": "Slovenia", "code": "+386", "iso": "SI", "enabled": "N" },
  { "name": "Croatia", "code": "+385", "iso": "HR", "enabled": "N" },
  { "name": "Bosnia and Herzegovina", "code": "+387", "iso": "BA", "enabled": "N" },
  { "name": "Serbia", "code": "+381", "iso": "RS", "enabled": "N" },
  { "name": "Montenegro", "code": "+382", "iso": "ME", "enabled": "N" },
  { "name": "Kosovo", "code": "+383", "iso": "XK", "enabled": "N" },
  { "name": "Albania", "code": "+355", "iso": "AL", "enabled": "N" },
  { "name": "North Macedonia", "code": "+389", "iso": "MK", "enabled": "N" },
  { "name": "Bulgaria", "code": "+359", "iso": "BG", "enabled": "N" },
  { "name": "Romania", "code": "+40", "iso": "RO", "enabled": "N" },
  { "name": "Turkey", "code": "+90", "iso": "TR", "enabled": "N" },
  { "name": "Russia", "code": "+7", "iso": "RU", "enabled": "N" },
  { "name": "Ukraine", "code": "+380", "iso": "UA", "enabled": "N" },
  { "name": "Belarus", "code": "+375", "iso": "BY", "enabled": "N" },
  { "name": "Moldova", "code": "+373", "iso": "MD", "enabled": "N" },
  { "name": "Georgia", "code": "+995", "iso": "GE", "enabled": "N" },
  { "name": "Armenia", "code": "+374", "iso": "AM", "enabled": "N" },
  { "name": "Azerbaijan", "code": "+994", "iso": "AZ", "enabled": "N" },
  { "name": "Kazakhstan", "code": "+7", "iso": "KZ", "enabled": "N" },
  { "name": "Uzbekistan", "code": "+998", "iso": "UZ", "enabled": "N" },
  { "name": "Turkmenistan", "code": "+993", "iso": "TM", "enabled": "N" },
  { "name": "Tajikistan", "code": "+992", "iso": "TJ", "enabled": "N" },
  { "name": "Kyrgyzstan", "code": "+996", "iso": "KG", "enabled": "N" },
  { "name": "China", "code": "+86", "iso": "CN", "enabled": "N" },
  { "name": "Japan", "code": "+81", "iso": "JP", "enabled": "N" },
  { "name": "South Korea", "code": "+82", "iso": "KR", "enabled": "N" },
  { "name": "Vietnam", "code": "+84", "iso": "VN", "enabled": "N" },
  { "name": "Thailand", "code": "+66", "iso": "TH", "enabled": "N" },
  { "name": "Malaysia", "code": "+60", "iso": "MY", "enabled": "N" },
  { "name": "Singapore", "code": "+65", "iso": "SG", "enabled": "Y" },
  { "name": "Indonesia", "code": "+62", "iso": "ID", "enabled": "N" },
  { "name": "Philippines", "code": "+63", "iso": "PH", "enabled": "N" },
  { "name": "Pakistan", "code": "+92", "iso": "PK", "enabled": "N" },
  { "name": "Bangladesh", "code": "+880", "iso": "BD", "enabled": "N" },
  { "name": "Sri Lanka", "code": "+94", "iso": "LK", "enabled": "N" },
  { "name": "Nepal", "code": "+977", "iso": "NP", "enabled": "N" },
  { "name": "Bhutan", "code": "+975", "iso": "BT", "enabled": "N" },
  { "name": "Maldives", "code": "+960", "iso": "MV", "enabled": "N" },
  { "name": "Afghanistan", "code": "+93", "iso": "AF", "enabled": "N" },
  { "name": "Iran", "code": "+98", "iso": "IR", "enabled": "N" },
  { "name": "Iraq", "code": "+964", "iso": "IQ", "enabled": "N" },
  { "name": "Saudi Arabia", "code": "+966", "iso": "SA", "enabled": "N" },
  { "name": "United Arab Emirates", "code": "+971", "iso": "AE", "enabled": "N" },
  { "name": "Qatar", "code": "+974", "iso": "QA", "enabled": "N" },
  { "name": "Kuwait", "code": "+965", "iso": "KW", "enabled": "N" },
  { "name": "Bahrain", "code": "+973", "iso": "BH", "enabled": "N" },
  { "name": "Oman", "code": "+968", "iso": "OM", "enabled": "N" },
  { "name": "Yemen", "code": "+967", "iso": "YE", "enabled": "N" },
  { "name": "Jordan", "code": "+962", "iso": "JO", "enabled": "N" },
  { "name": "Lebanon", "code": "+961", "iso": "LB", "enabled": "N" },
  { "name": "Syria", "code": "+963", "iso": "SY", "enabled": "N" },
  { "name": "Israel", "code": "+972", "iso": "IL", "enabled": "N" },
  { "name": "Palestine", "code": "+970", "iso": "PS", "enabled": "N" },
  { "name": "Egypt", "code": "+20", "iso": "EG", "enabled": "N" },
  { "name": "Libya", "code": "+218", "iso": "LY", "enabled": "N" },
  { "name": "Tunisia", "code": "+216", "iso": "TN", "enabled": "N" },
  { "name": "Algeria", "code": "+213", "iso": "DZ", "enabled": "N" },
  { "name": "Morocco", "code": "+212", "iso": "MA", "enabled": "N" },
  { "name": "South Africa", "code": "+27", "iso": "ZA", "enabled": "N" },
  { "name": "+27", "code": "+27", "iso": "ZA", "enabled": "N" },
  { "name": "Nigeria", "code": "+234", "iso": "NG", "enabled": "N" },
  { "name": "Kenya", "code": "+254", "iso": "KE", "enabled": "N" },
  { "name": "Ghana", "code": "+233", "iso": "GH", "enabled": "N" },
  { "name": "Ethiopia", "code": "+251", "iso": "ET", "enabled": "N" },
  { "name": "Uganda", "code": "+256", "iso": "UG", "enabled": "N" },
  { "name": "Tanzania", "code": "+255", "iso": "TZ", "enabled": "N" },
  { "name": "Rwanda", "code": "+250", "iso": "RW", "enabled": "N" },
  { "name": "Burundi", "code": "+257", "iso": "BI", "enabled": "N" },
  { "name": "Zimbabwe", "code": "+263", "iso": "ZW", "enabled": "N" },
  { "name": "Zambia", "code": "+260", "iso": "ZM", "enabled": "N" },
  { "name": "Malawi", "code": "+265", "iso": "MW", "enabled": "N" },
  { "name": "Mozambique", "code": "+258", "iso": "MZ", "enabled": "N" },
  { "name": "Botswana", "code": "+267", "iso": "BW", "enabled": "N" },
  { "name": "Namibia", "code": "+264", "iso": "NA", "enabled": "N" },
  { "name": "Angola", "code": "+244", "iso": "AO", "enabled": "N" },
  { "name": "Brazil", "code": "+55", "iso": "BR", "enabled": "N" },
  { "name": "Mexico", "code": "+52", "iso": "MX", "enabled": "N" },
  { "name": "Argentina", "code": "+54", "iso": "AR", "enabled": "N" },
  { "name": "Colombia", "code": "+57", "iso": "CO", "enabled": "N" },
  { "name": "Chile", "code": "+56", "iso": "CL", "enabled": "N" },
  { "name": "Peru", "code": "+51", "iso": "PE", "enabled": "N" },
  { "name": "Venezuela", "code": "+58", "iso": "VE", "enabled": "N" },
  { "name": "Ecuador", "code": "+593", "iso": "EC", "enabled": "N" },
  { "name": "Bolivia", "code": "+591", "iso": "BO", "enabled": "N" },
  { "name": "Paraguay", "code": "+595", "iso": "PY", "enabled": "N" },
  { "name": "Uruguay", "code": "+598", "iso": "UY", "enabled": "N" },
  { "name": "New Zealand", "code": "+64", "iso": "NZ", "enabled": "N" },
  { "name": "Fiji", "code": "+679", "iso": "FJ", "enabled": "N" },
  { "name": "Papua New Guinea", "code": "+675", "iso": "PG", "enabled": "N" },
  { "name": "Solomon Islands", "code": "+677", "iso": "SB", "enabled": "N" },
  { "name": "Vanuatu", "code": "+678", "iso": "VU", "enabled": "N" },
  { "name": "Samoa", "code": "+685", "iso": "WS", "enabled": "N" },
  { "name": "Tonga", "code": "+676", "iso": "TO", "enabled": "N" },
  { "name": "Kiribati", "code": "+686", "iso": "KI", "enabled": "N" },
  { "name": "Tuvalu", "code": "+688", "iso": "TV", "enabled": "N" },
  { "name": "Nauru", "code": "+674", "iso": "NR", "enabled": "N" },
  { "name": "Marshall Islands", "code": "+692", "iso": "MH", "enabled": "N" },
  { "name": "Micronesia", "code": "+691", "iso": "FM", "enabled": "N" },
  { "name": "Palau", "code": "+680", "iso": "PW", "enabled": "N" }
]
