[
  { "name": "Afghanistan", "code": "AF", "enabled": "N" },
  { "name": "Åland Islands", "code": "AX", "enabled": "N" },
  { "name": "Albania", "code": "AL", "enabled": "N" },
  { "name": "Algeria", "code": "DZ", "enabled": "N" },
  { "name": "American Samoa", "code": "AS", "enabled": "N" },
  { "name": "Andorra", "code": "AD", "enabled": "N" },
  { "name": "Angola", "code": "AO", "enabled": "N" },
  { "name": "Anguilla", "code": "AI", "enabled": "N" },
  { "name": "Antarctica", "code": "AQ", "enabled": "N" },
  { "name": "Antigua and Barbuda", "code": "AG", "enabled": "N" },
  { "name": "Argentina", "code": "AR", "enabled": "N" },
  { "name": "Armenia", "code": "AM", "enabled": "N" },
  { "name": "Aruba", "code": "AW", "enabled": "N" },
  { "name": "Australia", "code": "AU", "enabled": "N" },
  { "name": "Austria", "code": "AT", "enabled": "N" },
  { "name": "Azerbaijan", "code": "AZ", "enabled": "N" },
  { "name": "Bahamas", "code": "BS", "enabled": "N" },
  { "name": "Bahrain", "code": "BH", "enabled": "N" },
  { "name": "Bangladesh", "code": "BD", "enabled": "N" },
  { "name": "Barbados", "code": "BB", "enabled": "N" },
  { "name": "Belarus", "code": "BY", "enabled": "N" },
  { "name": "Belgium", "code": "BE", "enabled": "N" },
  { "name": "Belize", "code": "BZ", "enabled": "N" },
  { "name": "Benin", "code": "BJ", "enabled": "N" },
  { "name": "Bermuda", "code": "BM", "enabled": "N" },
  { "name": "Bhutan", "code": "BT", "enabled": "N" },
  { "name": "Bolivia", "code": "BO", "enabled": "N" },
  { "name": "Bonaire, Sint Eustatius and Saba", "code": "BQ", "enabled": "N" },
  { "name": "Bosnia and Herzegovina", "code": "BA", "enabled": "N" },
  { "name": "Botswana", "code": "BW", "enabled": "N" },
  { "name": "Bouvet Island", "code": "BV", "enabled": "N" },
  { "name": "Brazil", "code": "BR", "enabled": "N" },
  { "name": "British Indian Ocean Territory", "code": "IO", "enabled": "N" },
  { "name": "Brunei Darussalam", "code": "BN", "enabled": "N" },
  { "name": "Bulgaria", "code": "BG", "enabled": "N" },
  { "name": "Burkina Faso", "code": "BF", "enabled": "N" },
  { "name": "Burundi", "code": "BI", "enabled": "N" },
  { "name": "Cabo Verde", "code": "CV", "enabled": "N" },
  { "name": "Cambodia", "code": "KH", "enabled": "N" },
  { "name": "Cameroon", "code": "CM", "enabled": "N" },
  { "name": "Canada", "code": "CA", "enabled": "N" },
  { "name": "Cayman Islands", "code": "KY", "enabled": "N" },
  { "name": "Central African Republic", "code": "CF", "enabled": "N" },
  { "name": "Chad", "code": "TD", "enabled": "N" },
  { "name": "Chile", "code": "CL", "enabled": "N" },
  { "name": "China", "code": "CN", "enabled": "N" },
  { "name": "Christmas Island", "code": "CX", "enabled": "N" },
  { "name": "Cocos (Keeling) Islands", "code": "CC", "enabled": "N" },
  { "name": "Colombia", "code": "CO", "enabled": "N" },
  { "name": "Comoros", "code": "KM", "enabled": "N" },
  { "name": "Congo", "code": "CG", "enabled": "N" },
  { "name": "Congo, Democratic Republic of the", "code": "CD", "enabled": "N" },
  { "name": "Cook Islands", "code": "CK", "enabled": "N" },
  { "name": "Costa Rica", "code": "CR", "enabled": "N" },
  { "name": "Côte d'Ivoire", "code": "CI", "enabled": "N" },
  { "name": "Croatia", "code": "HR", "enabled": "N" },
  { "name": "Cuba", "code": "CU", "enabled": "N" },
  { "name": "Curaçao", "code": "CW", "enabled": "N" },
  { "name": "Cyprus", "code": "CY", "enabled": "N" },
  { "name": "Czechia", "code": "CZ", "enabled": "N" },
  { "name": "Denmark", "code": "DK", "enabled": "N" },
  { "name": "Djibouti", "code": "DJ", "enabled": "N" },
  { "name": "Dominica", "code": "DM", "enabled": "N" },
  { "name": "Dominican Republic", "code": "DO", "enabled": "N" },
  { "name": "Ecuador", "code": "EC", "enabled": "N" },
  { "name": "Egypt", "code": "EG", "enabled": "N" },
  { "name": "El Salvador", "code": "SV", "enabled": "N" },
  { "name": "Equatorial Guinea", "code": "GQ", "enabled": "N" },
  { "name": "Eritrea", "code": "ER", "enabled": "N" },
  { "name": "Estonia", "code": "EE", "enabled": "N" },
  { "name": "Eswatini", "code": "SZ", "enabled": "N" },
  { "name": "Ethiopia", "code": "ET", "enabled": "N" },
  { "name": "Falkland Islands (Malvinas)", "code": "FK", "enabled": "N" },
  { "name": "Faroe Islands", "code": "FO", "enabled": "N" },
  { "name": "Fiji", "code": "FJ", "enabled": "N" },
  { "name": "Finland", "code": "FI", "enabled": "N" },
  { "name": "France", "code": "FR", "enabled": "N" },
  { "name": "French Guiana", "code": "GF", "enabled": "N" },
  { "name": "French Polynesia", "code": "PF", "enabled": "N" },
  { "name": "French Southern Territories", "code": "TF", "enabled": "N" },
  { "name": "Gabon", "code": "GA", "enabled": "N" },
  { "name": "Gambia", "code": "GM", "enabled": "N" },
  { "name": "Georgia", "code": "GE", "enabled": "N" },
  { "name": "Germany", "code": "DE", "enabled": "N" },
  { "name": "Ghana", "code": "GH", "enabled": "N" },
  { "name": "Gibraltar", "code": "GI", "enabled": "N" },
  { "name": "Greece", "code": "GR", "enabled": "N" },
  { "name": "Greenland", "code": "GL", "enabled": "N" },
  { "name": "Grenada", "code": "GD", "enabled": "N" },
  { "name": "Guadeloupe", "code": "GP", "enabled": "N" },
  { "name": "Guam", "code": "GU", "enabled": "N" },
  { "name": "Guatemala", "code": "GT", "enabled": "N" },
  { "name": "Guernsey", "code": "GG", "enabled": "N" },
  { "name": "Guinea", "code": "GN", "enabled": "N" },
  { "name": "Guinea-Bissau", "code": "GW", "enabled": "N" },
  { "name": "Guyana", "code": "GY", "enabled": "N" },
  { "name": "Haiti", "code": "HT", "enabled": "N" },
  { "name": "Heard Island and McDonald Islands", "code": "HM", "enabled": "N" },
  { "name": "Holy See", "code": "VA", "enabled": "N" },
  { "name": "Honduras", "code": "HN", "enabled": "N" },
  { "name": "Hong Kong", "code": "HK", "enabled": "N" },
  { "name": "Hungary", "code": "HU", "enabled": "N" },
  { "name": "Iceland", "code": "IS", "enabled": "N" },
  { "name": "India", "code": "IN", "enabled": "Y" },
  { "name": "Indonesia", "code": "ID", "enabled": "N" },
  { "name": "Iran, Islamic Republic of", "code": "IR", "enabled": "N" },
  { "name": "Iraq", "code": "IQ", "enabled": "N" },
  { "name": "Ireland", "code": "IE", "enabled": "Y" },
  { "name": "Isle of Man", "code": "IM", "enabled": "N" },
  { "name": "Israel", "code": "IL", "enabled": "N" },
  { "name": "Italy", "code": "IT", "enabled": "N" },
  { "name": "Jamaica", "code": "JM", "enabled": "N" },
  { "name": "Japan", "code": "JP", "enabled": "N" },
  { "name": "Jersey", "code": "JE", "enabled": "N" },
  { "name": "Jordan", "code": "JO", "enabled": "N" },
  { "name": "Kazakhstan", "code": "KZ", "enabled": "N" },
  { "name": "Kenya", "code": "KE", "enabled": "N" },
  { "name": "Kiribati", "code": "KI", "enabled": "N" },
  { "name": "Korea, Democratic People's Republic of", "code": "KP", "enabled": "N" },
  { "name": "Korea, Republic of", "code": "KR", "enabled": "N" },
  { "name": "Kuwait", "code": "KW", "enabled": "N" },
  { "name": "Kyrgyzstan", "code": "KG", "enabled": "N" },
  { "name": "Lao People's Democratic Republic", "code": "LA", "enabled": "N" },
  { "name": "Latvia", "code": "LV", "enabled": "N" },
  { "name": "Lebanon", "code": "LB", "enabled": "N" },
  { "name": "Lesotho", "code": "LS", "enabled": "N" },
  { "name": "Liberia", "code": "LR", "enabled": "N" },
  { "name": "Libya", "code": "LY", "enabled": "N" },
  { "name": "Liechtenstein", "code": "LI", "enabled": "N" },
  { "name": "Lithuania", "code": "LT", "enabled": "N" },
  { "name": "Luxembourg", "code": "LU", "enabled": "N" },
  { "name": "Macao", "code": "MO", "enabled": "N" },
  { "name": "Madagascar", "code": "MG", "enabled": "N" },
  { "name": "Malawi", "code": "MW", "enabled": "N" },
  { "name": "Malaysia", "code": "MY", "enabled": "N" },
  { "name": "Maldives", "code": "MV", "enabled": "N" },
  { "name": "Mali", "code": "ML", "enabled": "N" },
  { "name": "Malta", "code": "MT", "enabled": "N" },
  { "name": "Marshall Islands", "code": "MH", "enabled": "N" },
  { "name": "Martinique", "code": "MQ", "enabled": "N" },
  { "name": "Mauritania", "code": "MR", "enabled": "N" },
  { "name": "Mauritius", "code": "MU", "enabled": "N" },
  { "name": "Mayotte", "code": "YT", "enabled": "N" },
  { "name": "Mexico", "code": "MX", "enabled": "N" },
  { "name": "Micronesia, Federated States of", "code": "FM", "enabled": "N" },
  { "name": "Moldova, Republic of", "code": "MD", "enabled": "N" },
  { "name": "Monaco", "code": "MC", "enabled": "N" },
  { "name": "Mongolia", "code": "MN", "enabled": "N" },
  { "name": "Montenegro", "code": "ME", "enabled": "N" },
  { "name": "Montserrat", "code": "MS", "enabled": "N" },
  { "name": "Morocco", "code": "MA", "enabled": "N" },
  { "name": "Mozambique", "code": "MZ", "enabled": "N" },
  { "name": "Myanmar", "code": "MM", "enabled": "N" },
  { "name": "Namibia", "code": "NA", "enabled": "N" },
  { "name": "Nauru", "code": "NR", "enabled": "N" },
  { "name": "Nepal", "code": "NP", "enabled": "N" },
  { "name": "Netherlands", "code": "NL", "enabled": "N" },
  { "name": "New Caledonia", "code": "NC", "enabled": "N" },
  { "name": "New Zealand", "code": "NZ", "enabled": "N" },
  { "name": "Nicaragua", "code": "NI", "enabled": "N" },
  { "name": "Niger", "code": "NE", "enabled": "N" },
  { "name": "Nigeria", "code": "NG", "enabled": "N" },
  { "name": "Niue", "code": "NU", "enabled": "N" },
  { "name": "Norfolk Island", "code": "NF", "enabled": "N" },
  { "name": "North Macedonia", "code": "MK", "enabled": "N" },
  { "name": "Northern Mariana Islands", "code": "MP", "enabled": "N" },
  { "name": "Norway", "code": "NO", "enabled": "N" },
  { "name": "Oman", "code": "OM", "enabled": "N" },
  { "name": "Pakistan", "code": "PK", "enabled": "N" },
  { "name": "Palau", "code": "PW", "enabled": "N" },
  { "name": "Palestine, State of", "code": "PS", "enabled": "N" },
  { "name": "Panama", "code": "PA", "enabled": "N" },
  { "name": "Papua New Guinea", "code": "PG", "enabled": "N" },
  { "name": "Paraguay", "code": "PY", "enabled": "N" },
  { "name": "Peru", "code": "PE", "enabled": "N" },
  { "name": "Philippines", "code": "PH", "enabled": "N" },
  { "name": "Pitcairn", "code": "PN", "enabled": "N" },
  { "name": "Poland", "code": "PL", "enabled": "N" },
  { "name": "Portugal", "code": "PT", "enabled": "N" },
  { "name": "Puerto Rico", "code": "PR", "enabled": "N" },
  { "name": "Qatar", "code": "QA", "enabled": "N" },
  { "name": "Réunion", "code": "RE", "enabled": "N" },
  { "name": "Romania", "code": "RO", "enabled": "N" },
  { "name": "Russian Federation", "code": "RU", "enabled": "N" },
  { "name": "Rwanda", "code": "RW", "enabled": "N" },
  { "name": "Saint Barthélemy", "code": "BL", "enabled": "N" },
  {
    "name": "Saint Helena, Ascension and Tristan da Cunha",
    "code": "SH",
    "enabled": "N"
  },
  { "name": "Saint Kitts and Nevis", "code": "KN", "enabled": "N" },
  { "name": "Saint Lucia", "code": "LC", "enabled": "N" },
  { "name": "Saint Martin (French part)", "code": "MF", "enabled": "N" },
  { "name": "Saint Pierre and Miquelon", "code": "PM", "enabled": "N" },
  {
    "name": "Saint Vincent and the Grenadines",
    "code": "VC",
    "enabled": "N"
  },
  { "name": "Samoa", "code": "WS", "enabled": "N" },
  { "name": "San Marino", "code": "SM", "enabled": "N" },
  { "name": "Sao Tome and Principe", "code": "ST", "enabled": "N" },
  { "name": "Saudi Arabia", "code": "SA", "enabled": "N" },
  { "name": "Senegal", "code": "SN", "enabled": "N" },
  { "name": "Serbia", "code": "RS", "enabled": "N" },
  { "name": "Seychelles", "code": "SC", "enabled": "N" },
  { "name": "Sierra Leone", "code": "SL", "enabled": "N" },
  { "name": "Singapore", "code": "SG", "enabled": "Y" },
  { "name": "Sint Maarten (Dutch part)", "code": "SX", "enabled": "N" },
  { "name": "Slovakia", "code": "SK", "enabled": "N" },
  { "name": "Slovenia", "code": "SI", "enabled": "N" },
  { "name": "Solomon Islands", "code": "SB", "enabled": "N" },
  { "name": "Somalia", "code": "SO", "enabled": "N" },
  { "name": "South Africa", "code": "ZA", "enabled": "N" },
  {
    "name": "South Georgia and the South Sandwich Islands",
    "code": "GS",
    "enabled": "N"
  },
  { "name": "South Sudan", "code": "SS", "enabled": "N" },
  { "name": "Spain", "code": "ES", "enabled": "N" },
  { "name": "Sri Lanka", "code": "LK", "enabled": "N" },
  { "name": "Sudan", "code": "SD", "enabled": "N" },
  { "name": "Suriname", "code": "SR", "enabled": "N" },
  { "name": "Svalbard and Jan Mayen", "code": "SJ", "enabled": "N" },
  { "name": "Sweden", "code": "SE", "enabled": "N" },
  { "name": "Switzerland", "code": "CH", "enabled": "N" },
  { "name": "Syrian Arab Republic", "code": "SY", "enabled": "N" },
  { "name": "Taiwan, Province of China", "code": "TW", "enabled": "N" },
  { "name": "Tajikistan", "code": "TJ", "enabled": "N" },
  { "name": "Tanzania, United Republic of", "code": "TZ", "enabled": "N" },
  { "name": "Thailand", "code": "TH", "enabled": "N" },
  { "name": "Timor-Leste", "code": "TL", "enabled": "N" },
  { "name": "Togo", "code": "TG", "enabled": "N" },
  { "name": "Tokelau", "code": "TK", "enabled": "N" },
  { "name": "Tonga", "code": "TO", "enabled": "N" },
  { "name": "Trinidad and Tobago", "code": "TT", "enabled": "N" },
  { "name": "Tunisia", "code": "TN", "enabled": "N" },
  { "name": "Turkey", "code": "TR", "enabled": "N" },
  { "name": "Turkmenistan", "code": "TM", "enabled": "N" },
  { "name": "Turks and Caicos Islands", "code": "TC", "enabled": "N" },
  { "name": "Tuvalu", "code": "TV", "enabled": "N" },
  { "name": "Uganda", "code": "UG", "enabled": "N" },
  { "name": "Ukraine", "code": "UA", "enabled": "N" },
  { "name": "United Arab Emirates", "code": "AE", "enabled": "N" },
  { "name": "United Kingdom", "code": "GB", "enabled": "Y" },
  { "name": "United States", "code": "US", "enabled": "Y" },
  { "name": "United States Minor Outlying Islands", "code": "UM", "enabled": "N" },
  { "name": "Uruguay", "code": "UY", "enabled": "N" },
  { "name": "Uzbekistan", "code": "UZ", "enabled": "N" },
  { "name": "Vanuatu", "code": "VU", "enabled": "N" },
  { "name": "Venezuela (Bolivarian Republic of)", "code": "VE", "enabled": "N" },
  { "name": "Viet Nam", "code": "VN", "enabled": "N" },
  { "name": "Virgin Islands (British)", "code": "VG", "enabled": "N" },
  { "name": "Virgin Islands (U.S.)", "code": "VI", "enabled": "N" },
  { "name": "Wallis and Futuna", "code": "WF", "enabled": "N" },
  { "name": "Western Sahara", "code": "EH", "enabled": "N" },
  { "name": "Yemen", "code": "YE", "enabled": "N" },
  { "name": "Zambia", "code": "ZM", "enabled": "N" },
  { "name": "Zimbabwe", "code": "ZW", "enabled": "N" }
]
